<?xml version='1.0' encoding='UTF-8'?>
<!DOCTYPE hibernate-mapping PUBLIC "-//Hibernate/Hibernate Mapping DTD 3.0//EN" "http://hibernate.sourceforge.net/hibernate-mapping-3.0.dtd">

 

         <hibernate-mapping>
          <class name="com.demo.hibernate.Employee" table="tblemp">
          <id name="id">
          <generator class="increment"></generator>
          </id>
           <property name="age"></property>
          <property name="firstName" column="fn"></property>
          <property name="lastName"></property>
          <property name="address"></property>
          <property name="email"></property>
          </class>
          
          </hibernate-mapping>


