<?xml version="1.0" encoding="UTF-8"?> 
<beans xmlns="http://www.springframework.org/schema/beans"
    xmlns:xsi="http://www.w3.org/2001/XMLSchema-instance" xmlns:tx="http://www.springframework.org/schema/tx"
    xmlns:mvc="http://www.springframework.org/schema/mvc" xmlns:context="http://www.springframework.org/schema/context"
    xsi:schemaLocation="http://www.springframework.org/schema/beans http://www.springframework.org/schema/beans/spring-beans.xsd
       http://www.springframework.org/schema/tx http://www.springframework.org/schema/tx/spring-tx.xsd
       http://www.springframework.org/schema/mvc http://www.springframework.org/schema/mvc/spring-mvc.xsd
        http://www.springframework.org/schema/context  
        http://www.springframework.org/schema/context/spring-context-4.3.xsd">
       
<context:component-scan base-package="com.springmvc"></context:component-scan> 
<mvc:annotation-driven></mvc:annotation-driven>
       <bean id="viewResolver" class="org.springframework.web.servlet.view.InternalResourceViewResolver">
       <property name="prefix" value="/WEB-INF/jsp/"></property>
       <property name="suffix" value=".jsp"></property>
       </bean>
       <bean class="org.springframework.jdbc.datasource.DriverManagerDataSource" id="ds">
        <property name="driverClassName" value="com.mysql.cj.jdbc.Driver"></property>
        <property name="url" value="jdbc:mysql://localhost:3306/mvc_Hibernate"></property>
        <property name="username" value="root"></property>
        <property name="password" value="root"></property>
    </bean>
       <bean id="sessionFactory" class="org.springframework.orm.hibernate4.LocalSessionFactoryBean">
       <property name="dataSource" ref="ds"></property>
       <property name="hibernateProperties">
            <props>
                <prop key="hibernate.dialect">org.hibernate.dialect.MySQLDialect</prop>
                <prop key="hibernate.hbm2ddl.auto">update</prop>
                <prop key="hibernate.show_sql">true</prop>
            </props>
            
        </property>
        <property name="annotatedClasses">
            <list>
                <value>com.springmvc.model.Login</value>
            </list>
        </property>
       </bean>
       <bean id="transactionManager" class="org.springframework.orm.hibernate4.HibernateTransactionManager">
       <property name="sessionFactory" ref="sessionFactory"></property>
       </bean>
       <tx:annotation-driven transaction-manager="transactionManager"/>
       </beans>